"Kuvaako ""koodaripula,"" ""kohtaanto-ongelma,"" ""osaamispula"" tms. mielestäsi Suomen IT-asiantuntijamarkkinoiden nykytilaa totuudenmukaisesti tai hyödyllisesti?",Mikä seuraavista kuvaa työnkuvaasi parhaiten?,Q1 CLASSIFICATION,Q2 CLASSIFICATION,Q2 LITERAL TRANSLATION,KEY_TAKEAWAYS_FROM_COMMENTS,COMMENT(QUESTION_IS_BAD),COMMENT(LACK_OF_TRAINING_OR_ENTRY_PATHS_FOR_BEGINNERS_TO_INDUSTRY),COMMENT(SENIORS_ENGINEERS_NEEDED),COMMENT(OFFERS_ARE_NOT_GOOD),COMMENT(SOFTWARE_QUALITY_ISSUES_LEAD_TO_UNNECESSARY_WORK),COMMENT(INEFFICIENT_MANAGEMENT_HIRING_AND_WORK_PRACTICES),COMMENT(NO_CANDIDATES_AVAILABLE_FOR_COMPANY),COMMENT(CANDIDATES_REPORT_TROUBLE_FINDING_WORK),COMMENT(TOO_HIGH_OR_SPECIFIC_SKILLS_REQUIRED_FOR_WORK),COMMENT(BEGINNERS_AND_LESS_SKILLED_PROGRAMMERS_EASY_TO_FIND),COMMENT(HEADHUNTERS_ARE_VERY_ACTIVE),COMMENT(LOCATION_INEQUALITY_FOR_JOBS),COMMENT(TALENT_SHORTAGE_DISCOURSE_IS_NOT_WORKING),COMMENT(COMMITMENT_WORRIES),COMMENT(INTERNATIONAL_LABOR),COMMENT(AVAILABLE_WORK_MIGHT_NOT_BE_VERY_INTERESTING)
Kyllä. Pula sopivista osaajista pitää paikkansa.,Muu tietotekninen asiantuntija,Y,SPECIALIST,,,,,,,,,,,,,,,,,,
Kyllä. Pula sopivista osaajista pitää paikkansa.,Ohjelmistokehittäjä,Y,PROGRAMMER,,,,,,,,,,,,,,,,,,
Kyllä. Pula sopivista osaajista pitää paikkansa.,Muu tietotekninen asiantuntija,Y,SPECIALIST,,Mentions shortage of cloud- & distributed programming knowledge,,,,,,,,,TRUE,,,,,,,
Kyllä. Pula sopivista osaajista pitää paikkansa.,Ohjelmistokehittäjä,Y,PROGRAMMER,,,,,,,,,,,,,,,,,,
Kyllä. Pula sopivista osaajista pitää paikkansa.,Ohjelmistokehittäjä,Y,PROGRAMMER,,,,,,,,,,,,,,,,,,
Kyllä. Pula sopivista osaajista pitää paikkansa.,Muu tietotekninen asiantuntija,Y,SPECIALIST,,"From respondents experience, looks like the ""programmer shortage"" is more of a matching problem. Has worked in QA for 20 years and more than 10 years in testing automation. Still gets queries in Linkedin for development positions even though does not consider oneself as a programmer. Though work still requires one to know python, c#, labview etc. Either head hunters are incompetent or a tactic of mass-spamming everyone with certain keywords in their profiles and hoping some of them would take the bait. Another problem is that companies seek senior level developers with more than 3 years of experience on specific technologies. But almost everyone in the field with even some experience in programming are employed in some fashion. Schools create new professionals to the market, but they might not have enough opportunities to show their skills and thus enter full-time work. The freshly graduates and beginners need contacts in companies that could help with landing jobs. Companies and schools should work together to create touch points to working life and possibly land internships in thse companies. The respondent would want to see this more in the university universe so this programmer shortage would be mitigated.",,TRUE,TRUE,,,,,,TRUE,,TRUE,,,,,
Kyllä. Pula sopivista osaajista pitää paikkansa.,Ohjelmistokehittäjä,Y,PROGRAMMER,,,,,,,,,,,,,,,,,,
Kyllä. Pula sopivista osaajista pitää paikkansa.,Muu tietotekninen asiantuntija,Y,SPECIALIST,,"It's unclear where exactly the shortage is. Management often still does not undestand what digitalization, AI, ML, IoT and the evolution of work practices actually means. If there would be understanding, there would be creators for good projects and we could pinpoint the shortage better. Another issue is with recognizing people's strenghts. This is partly the fault of consultants and their use. Often other professionals than programmers should be there to solve problems with programmers to identify the real problem which is to be solved with software. The consultant -problem is that client is prepared to pay for programmers, but not for problem solvers. This leads to hiring only programmers or to make programmers do the work of consultants. When you add the agile disruption which needs people as well. This would require increased undestanding with clients (especially with healtchare-sector). We see that understanding and competence is lacking. There is a shortage in talent, but what exactly is needed and how to identify the gaps is the real question.",,,,,,TRUE,,,,,,,TRUE,,,TRUE
Kyllä. Pula sopivista osaajista pitää paikkansa.,Ohjelmistokehittäjä,Y,PROGRAMMER,,The shortage depends a lot on the specific domain and niche. E.g. web development vs. low level embedded dev. The company where the person works has grown steadily along the years. Hard to guess how the market is going to develop.,,,,,,,,,TRUE,,,,,,,
Ei. En usko pulatilaa olevan.,Muu tietotekninen asiantuntija,N,SPECIALIST,,,,,,,,,,,,,,,,,,
Ei. En usko pulatilaa olevan.,Eläkeläinen,N,OTHER,Retired,,,,,,,,,,,,,,,,,
Kyllä. Pula sopivista osaajista pitää paikkansa.,Ohjelmistokehittäjä,Y,PROGRAMMER,,Disappointed in the education quality and claims it does not prepare to the profession,,TRUE,,,,,,,,,,,,,,
Kyllä. Pula sopivista osaajista pitää paikkansa.,Muu tietotekninen asiantuntija,Y,SPECIALIST,,,,,,,,,,,,,,,,,,
Ei. En usko pulatilaa olevan.,Ohjelmistokehittäjä,N,PROGRAMMER,,,,,,,,,,,,,,,,,,
Kyllä. Pula sopivista osaajista pitää paikkansa.,Ohjelmistokehittäjä,Y,PROGRAMMER,,,,,,,,,,,,,,,,,,
Ei. En usko pulatilaa olevan.,Muu tietotekninen asiantuntija,N,SPECIALIST,,,,,,,,,,,,,,,,,,
Kyllä. Pula sopivista osaajista pitää paikkansa.,Yrityksen hallinto,Y,GOVERNANCE,,,,,,,,,,,,,,,,,,
Ei. En usko pulatilaa olevan.,Muu tietotekninen asiantuntija,N,SPECIALIST,,,,,,,,,,,,,,,,,,
Kyllä. Pula sopivista osaajista pitää paikkansa.,Ohjelmistokehittäjä,Y,PROGRAMMER,,,,,,,,,,,,,,,,,,
Ei. En usko pulatilaa olevan.,Kehitystiimin vetäjä,N,MANAGEMENT,Leader of a dev team,,,,,,,,,,,,,,,,,
Kyllä. Pula sopivista osaajista pitää paikkansa.,Ohjelmistokehittäjä,Y,PROGRAMMER,,Shortage only for senior level (5-10y experience) employees. Requires a lot of extra work aside the paid job to get there. A lot of junior front-end programmers available and they would need to broaden their skillset to keep up. That requires years of work,,,TRUE,,,,,,,TRUE,,,,,,
Kyllä. Pula sopivista osaajista pitää paikkansa.,Muu tietotekninen asiantuntija,Y,SPECIALIST,,,,,,,,,,,,,,,,,,
Kyllä. Pula sopivista osaajista pitää paikkansa.,Muu tietotekninen asiantuntija,Y,SPECIALIST,,,,,,,,,,,,,,,,,,
Kyllä. Pula sopivista osaajista pitää paikkansa.,Ohjelmistokehittäjä,Y,PROGRAMMER,,,,,,,,,,,,,,,,,,
Ei. En usko pulatilaa olevan.,Yrityksen hallinto,N,GOVERNANCE,,,,,,,,,,,,,,,,,,
Kyllä. Pula sopivista osaajista pitää paikkansa.,Ohjelmistokehittäjä,Y,PROGRAMMER,,"Experienced developers in shortage, but leadership is handled badly in many companies as well.",,,TRUE,,,TRUE,,,,,,,,,,
Kyllä. Pula sopivista osaajista pitää paikkansa.,Ohjelmistokehittäjä,Y,PROGRAMMER,,,,,,,,,,,,,,,,,,
Ei. En usko pulatilaa olevan.,Ohjelmistokehittäjä,N,PROGRAMMER,,"Does not believe in programmer shortage as there's professionals available if really needed. At least if basics are in order: salaries and working conditions. Wonders why there's narrative of 10000 programmer shortage. It's dangerous as there's definitely no need for that many programmers. Many times requirements are set to far too high. You should be at the same time a full stack programmer in 10 languages, designer, cloud expert, sales negotiator and everything else.",,,,TRUE,,,,,TRUE,,,,TRUE,,,
Ei. En usko pulatilaa olevan.,Muu tietotekninen asiantuntija,N,SPECIALIST,,,,,,,,,,,,,,,,,,
Ei. En usko pulatilaa olevan.,Ohjelmistokehittäjä,N,PROGRAMMER,,,,,,,,,,,,,,,,,,
Ei. En usko pulatilaa olevan.,Ohjelmistokehittäjä,N,PROGRAMMER,,"Real shortage seems to be in senior-level employees. As a junior, the respondent gets good offers, but even the current company one works for gets lots of applicants and a lot of them will get a negative reply. In that sense, plenty of supply available. Experience is another thing. Suspects a ""winner-takes-it-all"" situation where the most renowned companies get to pick the best of the crop and others have to work with less experienced or skilled programmers",,,TRUE,,,,,,,TRUE,TRUE,,,,,
Ei. En usko pulatilaa olevan.,Ohjelmistokehittäjä,N,PROGRAMMER,,,,,,,,,,,,,,,,,,
Kyllä. Pula sopivista osaajista pitää paikkansa.,Ohjelmistokehittäjä,Y,PROGRAMMER,,"Fresh graduates don't have enough skills for undestanding the big picture. They know small pieces from here and there, but no idea how they work together.",,,,,,,,,TRUE,,,,,,,
Kyllä. Pula sopivista osaajista pitää paikkansa.,Ohjelmistokehittäjä,Y,PROGRAMMER,,,,,,,,,,,,,,,,,,
Ei. En usko pulatilaa olevan.,Muu tietotekninen asiantuntija,N,SPECIALIST,,,,,,,,,,,,,,,,,,
Kyllä. Pula sopivista osaajista pitää paikkansa.,Muu tietotekninen asiantuntija,Y,SPECIALIST,,"Enterprise on a niche field who considers their hiring barrier low and has hired all specialists they have found. Yet is only able to hire around 2 people/year. High demand for work, but very hard to find suitable people.",,,,,,,TRUE,,,,,,,,,
Kyllä. Pula sopivista osaajista pitää paikkansa.,Ohjelmistokehittäjä,Y,PROGRAMMER,,,,,,,,,,,,,,,,,,
Kyllä. Pula sopivista osaajista pitää paikkansa.,Muu tietotekninen asiantuntija,Y,SPECIALIST,,Too many juniors. One usually seeks an exact match. No time to train anyone. No need for extra growth as long as things work okay.,,TRUE,,,,,,,TRUE,TRUE,,,,,,
Kyllä. Pula sopivista osaajista pitää paikkansa.,Työtö fullstack,Y,PROGRAMMER,Unemployed full-stack developer,,,,,,,,,,,,,,,,,
Ei. En usko pulatilaa olevan.,Ohjelmistokehittäjä,N,PROGRAMMER,,Lack of senior level programmers who work for junior prices.,,,TRUE,TRUE,,,,,,,,,,,,
Kyllä. Pula sopivista osaajista pitää paikkansa.,Ohjelmistokehittäjä,Y,PROGRAMMER,,,,,,,,,,,,,,,,,,
Kyllä. Pula sopivista osaajista pitää paikkansa.,Muu tietotekninen asiantuntija,Y,SPECIALIST,,,,,,,,,,,,,,,,,,
Kyllä. Pula sopivista osaajista pitää paikkansa.,Ohjelmistokehittäjä,Y,PROGRAMMER,,,,,,,,,,,,,,,,,,
Kyllä. Pula sopivista osaajista pitää paikkansa.,Ei-tekninen työn organisointi,Y,MANAGEMENT,,,,,,,,,,,,,,,,,,
Ei. En usko pulatilaa olevan.,Ohjelmistokehittäjä,N,PROGRAMMER,,Too many companies working on non-interesting problems. Mentions the market favours job-seekers right now and many of them seeking meaningful gigs.,,,,,,,,,,,,,,,,TRUE
Ei. En usko pulatilaa olevan.,Ohjelmistokehittäjä,N,PROGRAMMER,,"Recruits everyone they can find, but can manage with current amount of programmers. Might even be smarter to prioritize work and not just spend resources that are not available. Company's ""talent shortage"" is like a kid complaining ""candy shortage""",,,,,,,TRUE,,,,,,,,,
Ei. En usko pulatilaa olevan.,Ohjelmistokehittäjä,N,PROGRAMMER,,,,,,,,,,,,,,,,,,
Ei. En usko pulatilaa olevan.,Muu tietotekninen asiantuntija,N,SPECIALIST,,"No shortage of basic labor, but for cheap and skilled wide area professionals, who can handle the IT, context and programming. Same problem as in other fields.",,,TRUE,TRUE,,,,,,TRUE,,,,,,
Ei. En usko pulatilaa olevan.,Ohjelmistokehittäjä,N,PROGRAMMER,,,,,,,,,,,,,,,,,,
Kyllä. Pula sopivista osaajista pitää paikkansa.,Ohjelmistokehittäjä,Y,PROGRAMMER,,,,,,,,,,,,,,,,,,
Kyllä. Pula sopivista osaajista pitää paikkansa.,Ohjelmistokehittäjä,Y,PROGRAMMER,,,,,,,,,,,,,,,,,,
Kyllä. Pula sopivista osaajista pitää paikkansa.,Ohjelmistokehittäjä,Y,PROGRAMMER,,,,,,,,,,,,,,,,,,
Kyllä. Pula sopivista osaajista pitää paikkansa.,Muu tietotekninen asiantuntija,Y,SPECIALIST,,There should be more entry level positions or willingness to train new people to their jobs.,,TRUE,,,,,,,,,,,,,,
Kyllä. Pula sopivista osaajista pitää paikkansa.,Ohjelmistokehittäjä,Y,PROGRAMMER,,,,,,,,,,,,,,,,,,
Ei. En usko pulatilaa olevan.,Ohjelmistokehittäjä,N,PROGRAMMER,,,,,,,,,,,,,,,,,,
Kyllä. Pula sopivista osaajista pitää paikkansa.,Ohjelmistokehittäjä,Y,PROGRAMMER,,,,,,,,,,,,,,,,,,
Kyllä. Pula sopivista osaajista pitää paikkansa.,Ohjelmistokehittäjä,Y,PROGRAMMER,,,,,,,,,,,,,,,,,,
Kyllä. Pula sopivista osaajista pitää paikkansa.,Rekrytointi,Y,RECRUITMENT,,,,,,,,,,,,,,,,,,
Kyllä. Pula sopivista osaajista pitää paikkansa.,Ohjelmistokehittäjä,Y,PROGRAMMER,,"Demand is greater than supply. But not as much as media leads to believe. There is shortage, but much less than usually thought.",,,,,,,,,,,,,TRUE,,,
Ei. En usko pulatilaa olevan.,Ohjelmistokehittäjä,N,PROGRAMMER,,,,,,,,,,,,,,,,,,
Ei. En usko pulatilaa olevan.,Ohjelmistokehittäjä,N,PROGRAMMER,,,,,,,,,,,,,,,,,,
Kyllä. Pula sopivista osaajista pitää paikkansa.,Rekrytointi,Y,RECRUITMENT,,"Many companies want out-of-the-box productvie employees and are not equipped to train workforce themselves from juniors. Working to train, retain and develop employees themselves would solve the recruitment troubles.",,TRUE,TRUE,,,,,,,,,,,TRUE,,
Kyllä. Pula sopivista osaajista pitää paikkansa.,Ohjelmistokehittäjä,Y,PROGRAMMER,,"One can witness the ""programmer shortage"" as developers gain so much attention in linkedin. Whether your current position is senior or not.'",,,,,,,,,,,TRUE,,,,,
Ei. En usko pulatilaa olevan.,Ohjelmistokehittäjä,N,PROGRAMMER,,,,,,,,,,,,,,,,,,
Kyllä. Pula sopivista osaajista pitää paikkansa.,Tuotepäällikkö,Y,MANAGEMENT,Product manager,"Wages are not an issue. Might have 100's of applicants, where only 1 fill the criteria. Continuous shortage of skilled professionals.",,,TRUE,,,,,,,TRUE,,,,,,
Kyllä. Pula sopivista osaajista pitää paikkansa.,Ohjelmistokehittäjä,Y,PROGRAMMER,,,,,,,,,,,,,,,,,,
Ei. En usko pulatilaa olevan.,Ohjelmistokehittäjä,N,PROGRAMMER,,Real shortage in cheap professionals. There's not willingness to pay real salaries for good programmers.,,,,TRUE,,,,,,,,,,,,
Kyllä. Pula sopivista osaajista pitää paikkansa.,Ux designer,Y,SPECIALIST,UX Designer,Their company has built a programme for entry level programmers to get into field. Focused on training techs used in the company. Mentions that the requirements for programmers are rising as complexity and business demands get higher. Every company respondent has encountered has had shortage of skilled front-end developers. Maybe this signals a change in how software is being made as there's now higher requirements for UX.,,,,,,,,,TRUE,,,,,,,
Kyllä. Pula sopivista osaajista pitää paikkansa.,Ohjelmistokehittäjä,Y,PROGRAMMER,,Sane programmers have great demand,,,,,,,,,,,,,,,,
Ei. En usko pulatilaa olevan.,Ohjelmistokehittäjä,N,PROGRAMMER,,Problem is in companies unwillingness to hire and train beginners or career switchers. Not with lack of applicants.,,TRUE,,,,,,,,TRUE,,,,,,
Ei. En usko pulatilaa olevan.,Asiakas,N,CUSTOMER,,,,,,,,,,,,,,,,,,
Kyllä. Pula sopivista osaajista pitää paikkansa.,Ohjelmistokehittäjä,Y,PROGRAMMER,,,,,,,,,,,,,,,,,,
Ei. En usko pulatilaa olevan.,Ohjelmistokehittäjä,N,PROGRAMMER,,,,,,,,,,,,,,,,,,
Ei. En usko pulatilaa olevan.,Ohjelmistokehittäjä,N,PROGRAMMER,,Suspects companies want too exact matches and won't recognize broad experience from other domains.,,,,,,,,,TRUE,,,,,,,
Kyllä. Pula sopivista osaajista pitää paikkansa.,Ohjelmistokehittäjä,Y,PROGRAMMER,,,,,,,,,,,,,,,,,,
Ei. En usko pulatilaa olevan.,Muu tietotekninen asiantuntija,N,SPECIALIST,,,,,,,,,,,,,,,,,,
Kyllä. Pula sopivista osaajista pitää paikkansa.,Ohjelmistokehittäjä,Y,PROGRAMMER,,,,,,,,,,,,,,,,,,
Ei. En usko pulatilaa olevan.,Ohjelmistokehittäjä,N,PROGRAMMER,,"Anecdote of having over a thousand applications in a year, among which they could pick the best. Most were not even interviewed",,,,,,,,,,TRUE,,,,,,
Kyllä. Pula sopivista osaajista pitää paikkansa.,Ohjelmistokehittäjä,Y,PROGRAMMER,,,,,,,,,,,,,,,,,,
Kyllä. Pula sopivista osaajista pitää paikkansa.,Ohjelmistokehittäjä,Y,PROGRAMMER,,,,,,,,,,,,,,,,,,
Kyllä. Pula sopivista osaajista pitää paikkansa.,Ohjelmistokehittäjä,Y,PROGRAMMER,,"There's no shortage of workers, but skilled workers. Many candidates can barely handle the basics and many job seekers don't know even those.",,,TRUE,,,,,,,TRUE,,,,,,
Ei. En usko pulatilaa olevan.,Opiskelija ,N,OTHER,Student,,,,,,,,,,,,,,,,,
Ei. En usko pulatilaa olevan.,Yrityksen hallinto,N,GOVERNANCE,,,,,,,,,,,,,,,,,,
Kyllä. Pula sopivista osaajista pitää paikkansa.,Yrityksen hallinto,Y,GOVERNANCE,,,,,,,,,,,,,,,,,,
Ei. En usko pulatilaa olevan.,Muu tietotekninen asiantuntija,N,SPECIALIST,,,,,,,,,,,,,,,,,,
Kyllä. Pula sopivista osaajista pitää paikkansa.,Ohjelmistokehittäjä,Y,PROGRAMMER,,,,,,,,,,,,,,,,,,
Kyllä. Pula sopivista osaajista pitää paikkansa.,Ei-tekninen työn organisointi,Y,MANAGEMENT,,,,,,,,,,,,,,,,,,
Kyllä. Pula sopivista osaajista pitää paikkansa.,Ohjelmistokehittäjä,Y,PROGRAMMER,,,,,,,,,,,,,,,,,,
Ei. En usko pulatilaa olevan.,Muu tietotekninen asiantuntija,N,SPECIALIST,,,,,,,,,,,,,,,,,,
Ei. En usko pulatilaa olevan.,Ohjelmistokehittäjä,N,PROGRAMMER,,Did not find a summer job so started one's company and found enough help and clients to get going.,,TRUE,,,,,,,,,,,,,,
Kyllä. Pula sopivista osaajista pitää paikkansa.,Yrityksen hallinto,Y,GOVERNANCE,,,,,,,,,,,,,,,,,,
Ei. En usko pulatilaa olevan.,Ohjelmistokehittäjä,N,PROGRAMMER,,,,,,,,,,,,,,,,,,
Kyllä. Pula sopivista osaajista pitää paikkansa.,Muu tietotekninen asiantuntija,Y,SPECIALIST,,"Searched for a job as a fresh graduate a while ago. Based on this experience, there seems to be plenty of positions, but not necessarily on your home municipality. If one would be able to move elsewhere, there would be lots of jobs available. Some companies allow remote work as well.",,,,,,,,,,,,TRUE,,,,
Kyllä. Pula sopivista osaajista pitää paikkansa.,Ohjelmistokehittäjä,Y,PROGRAMMER,,"Usually recruitment takes 6-10months. Salaries are higher than average, benefits are good and good location in the company where this one works.",,,TRUE,,,,,,,,,,,,,
Kyllä. Pula sopivista osaajista pitää paikkansa.,Ohjelmistokehittäjä,Y,PROGRAMMER,,,,,,,,,,,,,,,,,,
Kyllä. Pula sopivista osaajista pitää paikkansa.,Ohjelmistokehittäjä,Y,PROGRAMMER,,,,,,,,,,,,,,,,,,
Kyllä. Pula sopivista osaajista pitää paikkansa.,Ohjelmistokehittäjä,Y,PROGRAMMER,,,,,,,,,,,,,,,,,,
Ei. En usko pulatilaa olevan.,Muu tietotekninen asiantuntija,N,SPECIALIST,,Companies need employees but they are not willing to train experts to their own needs. And for trained professionals they lack the willingness to pay enough for the expertise to gain their interest.,,TRUE,,TRUE,,,,,,,,,,,,
Kyllä. Pula sopivista osaajista pitää paikkansa.,Ohjelmistokehittäjä,Y,PROGRAMMER,,Shortage of seniors,,,TRUE,,,,,,,,,,,,,
Ei. En usko pulatilaa olevan.,Ohjelmistokehittäjä,N,PROGRAMMER,,No shortage of professionals but of companies that are willing to pay reasonably. Tells Anecdote of companies offering 2200e/month for senior engineer positions,,,,TRUE,,,,,,,,,,,,
Kyllä. Pula sopivista osaajista pitää paikkansa.,Ohjelmistokehittäjä,Y,PROGRAMMER,,Skilled professionals in shortage. Basic programmers are available.,,,TRUE,,,,,,,TRUE,,,,,,
Ei. En usko pulatilaa olevan.,Muu tietotekninen asiantuntija,N,SPECIALIST,,,,,,,,,,,,,,,,,,
Kyllä. Pula sopivista osaajista pitää paikkansa.,Ohjelmistokehittäjä,Y,PROGRAMMER,,,,,,,,,,,,,,,,,,
Kyllä. Pula sopivista osaajista pitää paikkansa.,Ohjelmistokehittäjä,Y,PROGRAMMER,,,,,,,,,,,,,,,,,,
Kyllä. Pula sopivista osaajista pitää paikkansa.,Ohjelmistokehittäjä,Y,PROGRAMMER,,,,,,,,,,,,,,,,,,
Ei. En usko pulatilaa olevan.,Ohjelmistokehittäjä,N,PROGRAMMER,,"Companies want to hire out-of-the-box professionals who already have work experience. Companies lack will to train people and the retraining programs and coding courses of employment services are not useful as they only cater to a fraction of demand.  Skilled programmers are from the start a productive resource for the company hiring them, which can bring in money to fund the rest of the operations.",,TRUE,TRUE,,,,,,,,,,,,,
Ei. En usko pulatilaa olevan.,Yrityksen hallinto,N,GOVERNANCE,,"Not a shortage of professionals, but of skilled professionals. Young tend to have poor skills. Especially when not using new and trendy methods and frameworks. With outsourcing, quality has been an issue. Unfortunately, there's little focus on quality and demand for better. This applies also to finnish developers, which are often arrogant of their specialness",,TRUE,TRUE,,TRUE,,,,,TRUE,,,,,,TRUE
Kyllä. Pula sopivista osaajista pitää paikkansa.,Muu tietotekninen asiantuntija,Y,SPECIALIST,,,TRUE,,,,,,,,,,,,,,,
Ei. En usko pulatilaa olevan.,Muu tietotekninen asiantuntija,N,SPECIALIST,,"Not much of shortage. The difficulty is more in finding the real rough diamonds from a pile of varied quality applicants. From 100 recruitments, maybe 10 have been good. From these half were juniors with less than 5 years of experience but with open minds and common sense. The most common toxic patterns with bad programmers: Wants to reinvent the wheel as it's fun. Does not care about budgets. Is used to using certain patterns and won't be willing to move out from comfort zone. Can't handle imperfections. Lack's motivation aside from monetary compensation and requires close supervision.",,,TRUE,,,,,,,TRUE,,,,,,
Kyllä. Pula sopivista osaajista pitää paikkansa.,Ohjelmistokehittäjä,Y,PROGRAMMER,,,,,,,,,,,,,,,,,,
Ei. En usko pulatilaa olevan.,Muu tietotekninen asiantuntija,N,SPECIALIST,,,,,,,,,,,,,,,,,,
Kyllä. Pula sopivista osaajista pitää paikkansa.,Ohjelmistokehittäjä,Y,PROGRAMMER,,Professionals are in short supply. Juniors and trainees make a long queue.,,,TRUE,,,,,,,TRUE,,,,,,
Kyllä. Pula sopivista osaajista pitää paikkansa.,Rekrytointi,Y,RECRUITMENT,,,,,,,,,,,,,,,,,,
Kyllä. Pula sopivista osaajista pitää paikkansa.,Muu tietotekninen asiantuntija,Y,SPECIALIST,,,,,,,,,,,,,,,,,,
Kyllä. Pula sopivista osaajista pitää paikkansa.,Ohjelmistokehittäjä,Y,PROGRAMMER,,Lack of people who are professionals in the individual technologies/programming languages/tools/etc. a company is using.,,,,,,,,,TRUE,,,,,,,
Kyllä. Pula sopivista osaajista pitää paikkansa.,Yrityksen hallinto,Y,GOVERNANCE,,,,,,,,,,,,,,,,,,
Ei. En usko pulatilaa olevan.,Lehtori,N,OTHER,Teacher,They should pay salaries as well.,,,,TRUE,,,,,,,,,,,,
Kyllä. Pula sopivista osaajista pitää paikkansa.,Muu tietotekninen asiantuntija,Y,SPECIALIST,,,,,,,,,,,,,,,,,,
Kyllä. Pula sopivista osaajista pitää paikkansa.,Yrityksen hallinto,Y,GOVERNANCE,,Mentions that the difficulty of finding new people makes it harder for organizations to re-invent themselves as people with antiquated skills can't push new ideas forward even if they would recognize the need.,,,,,,TRUE,,,,,,,,,,
Kyllä. Pula sopivista osaajista pitää paikkansa.,Yrityksen hallinto,Y,GOVERNANCE,,,,,,,,,,,,,,,,,,
Ei. En usko pulatilaa olevan.,Ohjelmistokehittäjä,N,PROGRAMMER,,,,,,,,,,,,,,,,,,
Kyllä. Pula sopivista osaajista pitää paikkansa.,Ohjelmistokehittäjä,Y,PROGRAMMER,,,,,,,,,,,,,,,,,,
Kyllä. Pula sopivista osaajista pitää paikkansa.,Ohjelmistokehittäjä,Y,PROGRAMMER,,,,,,,,,,,,,,,,,,
Kyllä. Pula sopivista osaajista pitää paikkansa.,Ohjelmistokehittäjä,Y,PROGRAMMER,,,,,,,,,,,,,,,,,,
Ei. En usko pulatilaa olevan.,Muu tietotekninen asiantuntija,N,SPECIALIST,,,,,,,,,,,,,,,,,,
Kyllä. Pula sopivista osaajista pitää paikkansa.,Yrityksen hallinto,Y,GOVERNANCE,,,,,,,,,,,,,,,,,,
Ei. En usko pulatilaa olevan.,Ohjelmistokehittäjä,N,PROGRAMMER,,Most people hiring don't understand what the work requires. Skill requirements are exaggareted. Companies fear taking risks too much,,,,,,TRUE,,,TRUE,,,,,,,
Ei. En usko pulatilaa olevan.,Ohjelmistokehittäjä,N,PROGRAMMER,,"No shortage of software developers, but devs willing to work underpaid.",,,,TRUE,,,,,,,,,,,,
Kyllä. Pula sopivista osaajista pitää paikkansa.,Muu tietotekninen asiantuntija,Y,SPECIALIST,,,,,,,,,,,,,,,,,,
Kyllä. Pula sopivista osaajista pitää paikkansa.,Ohjelmistokehittäjä,Y,PROGRAMMER,,Mostly a matching problem with salary demands and offers. Commitment is a problem. Hiring from another company just moves the problem to someone else. Entry-level programmers seeking for positions to learn and to use as stepping stones in their careers. ,,,,TRUE,,,,,,,,,,TRUE,,
Kyllä. Pula sopivista osaajista pitää paikkansa.,Yrityksen hallinto,Y,GOVERNANCE,,Manages a product development unit actively searching for workers. Seniors are impossible to find. Juniors available in plenty.,,,TRUE,,,,,,,TRUE,,,,,,
Ei. En usko pulatilaa olevan.,Ohjelmistokehittäjä,N,PROGRAMMER,,Believes there will be a oversupply of programmers in 3-5 years,,,,,,,,,,,,,,,,
Kyllä. Pula sopivista osaajista pitää paikkansa.,Ohjelmistokehittäjä,Y,PROGRAMMER,,"Suspects a new ""bubble"" in the industry and claims most projects are unnecessary",,,,,,TRUE,,,,,,,,,,
Ei. En usko pulatilaa olevan.,Ohjelmistokehittäjä,N,PROGRAMMER,,"Says there's lack of will for companies to develop systematically junior employees to experienced workers. Industry tries to outsource the responsibility for talent development to society, yet is failing in this as education instutions won't train the important niches they need. Wants companies to build incentives for internal career and skills development.",,TRUE,,,,,,,,,,,,,,
Kyllä. Pula sopivista osaajista pitää paikkansa.,Muu tietotekninen asiantuntija,Y,SPECIALIST,,,,,,,,,,,,,,,,,,
Kyllä. Pula sopivista osaajista pitää paikkansa.,Ohjelmistokehittäjä,Y,PROGRAMMER,,,,,,,,,,,,,,,,,,
Kyllä. Pula sopivista osaajista pitää paikkansa.,Ohjelmistokehittäjä,Y,PROGRAMMER,,,,,,,,,,,,,,,,,,
Kyllä. Pula sopivista osaajista pitää paikkansa.,Ohjelmistokehittäjä,Y,PROGRAMMER,,,,,,,,,,,,,,,,,,
Kyllä. Pula sopivista osaajista pitää paikkansa.,Ohjelmistokehittäjä,Y,PROGRAMMER,,,,,,,,,,,,,,,,,,
Ei. En usko pulatilaa olevan.,Ohjelmistokehittäjä,N,PROGRAMMER,,,,,,,,,,,,,,,,,,
Kyllä. Pula sopivista osaajista pitää paikkansa.,Ohjelmistokehittäjä,Y,PROGRAMMER,,,,,,,,,,,,,,,,,,
Kyllä. Pula sopivista osaajista pitää paikkansa.,Ohjelmistokehittäjä,Y,PROGRAMMER,,Shortage of experienced developers who are not asking for too much in salary or are willing to move to capital region.,,,TRUE,TRUE,,,,,,,,TRUE,,,,
Kyllä. Pula sopivista osaajista pitää paikkansa.,Rekrytointi,Y,RECRUITMENT,,,,,,,,,,,,,,,,,,
Kyllä. Pula sopivista osaajista pitää paikkansa.,Ohjelmistokehittäjä,Y,PROGRAMMER,,Shortage in exprienced programmers who can work independently and train juniors. Oversupply in common programmers.,,,TRUE,,,,,,,TRUE,,,,,,
Kyllä. Pula sopivista osaajista pitää paikkansa.,Ohjelmistokehittäjä,Y,PROGRAMMER,,"There is programmer shortage in Finland, but mostly with Senior developers.",,,TRUE,,,,,,,,,,,,,
Kyllä. Pula sopivista osaajista pitää paikkansa.,Muu tietotekninen asiantuntija,Y,SPECIALIST,,,,,,,,,,,,,,,,,,
Ei. En usko pulatilaa olevan.,Yrityksen hallinto,N,GOVERNANCE,,Lack of professionals in certain niches and the absolute best ones are not in Finland,,,,,,,,,,,,,,,TRUE,
Kyllä. Pula sopivista osaajista pitää paikkansa.,Ohjelmistokehittäjä,Y,PROGRAMMER,,,,,,,,,,,,,,,,,,
Kyllä. Pula sopivista osaajista pitää paikkansa.,Ohjelmistokehittäjä,Y,PROGRAMMER,,Hard time finding specialists for rare niches or old technologies in the respondents company.,,,,,,,,,TRUE,,,,,,,
Kyllä. Pula sopivista osaajista pitää paikkansa.,Muu tietotekninen asiantuntija,Y,SPECIALIST,,,,,,,,,,,,,,,,,,
Ei. En usko pulatilaa olevan.,Ohjelmistokehittäjä,N,PROGRAMMER,,Lack of exprienced professionals for certain problems. Companies want senior employees for individual hyped tasks and lack the will to invest in training people to jobs.,,TRUE,TRUE,,,,,,TRUE,,,,,,,
Kyllä. Pula sopivista osaajista pitää paikkansa.,Rekrytointi,Y,RECRUITMENT,,,,,,,,,,,,,,,,,,
Kyllä. Pula sopivista osaajista pitää paikkansa.,Muu tietotekninen asiantuntija,Y,SPECIALIST,,,,,,,,,,,,,,,,,,
Kyllä. Pula sopivista osaajista pitää paikkansa.,Ohjelmistokehittäjä,Y,PROGRAMMER,,,,,,,,,,,,,,,,,,
Kyllä. Pula sopivista osaajista pitää paikkansa.,Muu tietotekninen asiantuntija,Y,SPECIALIST,,,,,,,,,,,,,,,,,,
Kyllä. Pula sopivista osaajista pitää paikkansa.,Rekrytointi,Y,RECRUITMENT,,Does not doubt there's shortage of skilled makers. Claims raising wages would not help as it will not create new professionals for a very long time.,,,TRUE,,,,,,,,,,,,,
Ei. En usko pulatilaa olevan.,Muu tietotekninen asiantuntija,N,SPECIALIST,,"Draws analogue to health-care sector where, similar ""shortage"" exists. Yet work conditions and wages stay stagnant.",,,,TRUE,,,,,,,,,,,,
Kyllä. Pula sopivista osaajista pitää paikkansa.,Ohjelmistokehittäjä,Y,PROGRAMMER,,"Lack of really skilled professionals. Witnessed a lot of recruitment efforts where companies try to hire top experts with small (or ""small"") wages, but that won't work. There's some availability of not-so-skilled folk, but not a lot of need for them.",,,TRUE,TRUE,,,,,,TRUE,,,,,,
Ei. En usko pulatilaa olevan.,Muu tietotekninen asiantuntija,N,SPECIALIST,,There's shortage of top seniors if any,,,TRUE,,,,,,,,,,,,,
Ei. En usko pulatilaa olevan.,Ohjelmistokehittäjä,N,PROGRAMMER,,,,,,,,,,,,,,,,,,
Kyllä. Pula sopivista osaajista pitää paikkansa.,Ohjelmistokehittäjä,Y,PROGRAMMER,,,,,,,,,,,,,,,,,,
Kyllä. Pula sopivista osaajista pitää paikkansa.,Ohjelmistokehittäjä,Y,PROGRAMMER,,,,,,,,,,,,,,,,,,
Ei. En usko pulatilaa olevan.,Yrittäjä-ohjelmistokehittäjä,N,GOVERNANCE,Enterpreneur/software developer,"Companies would not hire the respondent due to lack of skills, so one ended up starting their own company with friends with good success. Thinks the requirements of companies are way too high.",,,,,,,,,TRUE,,,,,,,
Kyllä. Pula sopivista osaajista pitää paikkansa.,Ohjelmistokehittäjä,Y,PROGRAMMER,,"Surely a shortage of seniors. At least cheap seniors. Claims there's a greater shortage of customers who would be compatible with modern means of work, who pay decently and who respect software craftmanship.",,,TRUE,TRUE,,TRUE,,,,,,,,,,
Ei. En usko pulatilaa olevan.,Ohjelmistokehittäjä,N,PROGRAMMER,,"Claims no unusual difficulty finding workers in company during last two years. Though job seekers face challenges. Some niches hard to find, but that can't be considered a labor shortage.",,,,,,,,TRUE,TRUE,TRUE,,,,,,TRUE
Ei. En usko pulatilaa olevan.,Ohjelmistokehittäjä,N,PROGRAMMER,,,,,,,,,,,,,,,,,,
Kyllä. Pula sopivista osaajista pitää paikkansa.,Muu tietotekninen asiantuntija,Y,SPECIALIST,,,,,,,,,,,,,,,,,,
Ei. En usko pulatilaa olevan.,Ohjelmistokehittäjä,N,PROGRAMMER,,,,,,,,,,,,,,,,,,
Kyllä. Pula sopivista osaajista pitää paikkansa.,Ohjelmistokehittäjä,Y,PROGRAMMER,,,,,,,,,,,,,,,,,,
Kyllä. Pula sopivista osaajista pitää paikkansa.,Ohjelmistokehittäjä,Y,PROGRAMMER,,,,,,,,,,,,,,,,,,
Kyllä. Pula sopivista osaajista pitää paikkansa.,Ohjelmistokehittäjä,Y,PROGRAMMER,,C/C++ and embedded programmers hard to find. Claims their organization teaches students to create the specialists they need.,,,,,,,,,TRUE,,,,,,,
Kyllä. Pula sopivista osaajista pitää paikkansa.,Ohjelmistokehittäjä,Y,PROGRAMMER,,,,,,,,,,,,,,,,,,
Kyllä. Pula sopivista osaajista pitää paikkansa.,Yrityksen hallinto / ohjelmistokehittäjä samassa paketissa,Y,GOVERNANCE,Corporate governance / software developer,,,,,,,,,,,,,,,,,
Kyllä. Pula sopivista osaajista pitää paikkansa.,Ohjelmistokehittäjä,Y,PROGRAMMER,,"There is shortage, but it's not as great as led to believe. Greater shortage in willingness to pay adequately. Companies choose to rather work in barebones with trainees and do bad quality software.",,,,TRUE,TRUE,,,,,,,,TRUE,,,
Kyllä. Pula sopivista osaajista pitää paikkansa.,Ohjelmistokehittäjä,Y,PROGRAMMER,,Lack of experienced workers in practice.,,,TRUE,,,,,,,,,,,,,
Ei. En usko pulatilaa olevan.,Ohjelmistokehittäjä,N,PROGRAMMER,,Claims in 10 years one has reached the peak in compensation in the field. Suspects there's more of a market failure with expectations/supply.,,,,,,,,,TRUE,,,,,,,
Ei. En usko pulatilaa olevan.,Muu tietotekninen asiantuntija,N,SPECIALIST,,,,,,,,,,,,,,,,,,
Kyllä. Pula sopivista osaajista pitää paikkansa.,Rekrytointi,Y,PROGRAMMER,,,,,,,,,,,,,,,,,,
Ei. En usko pulatilaa olevan.,Ohjelmistokehittäjä,N,PROGRAMMER,,,,,,,,,,,,,,,,,,
Ei. En usko pulatilaa olevan.,Ohjelmistokehittäjä,N,PROGRAMMER,,,,,,,,,,,,,,,,,,
Ei. En usko pulatilaa olevan.,Muu tietotekninen asiantuntija,N,SPECIALIST,,Says being cheap and humble is the key in landing a job in IT.,,,,TRUE,,,,,,,,,,,,
Ei. En usko pulatilaa olevan.,Ohjelmistokehittäjä,N,PROGRAMMER,,,,,,,,,,,,,,,,,,
Kyllä. Pula sopivista osaajista pitää paikkansa.,Ohjelmistokehittäjä,Y,PROGRAMMER,,,,,,,,,,,,,,,,,,
Ei. En usko pulatilaa olevan.,Ohjelmistokehittäjä,N,PROGRAMMER,,The only shortage is in cheap workers,,,,TRUE,,,,,,,,,,,,
Kyllä. Pula sopivista osaajista pitää paikkansa.,Ohjelmistokehittäjä,Y,PROGRAMMER,,"There are plenty of applicants. But despite degrees, they often lack the skills to work in a professional environment. On the other hand, organizing work often leads to more need for work. Quite often companies seek extra headcount when problems could be solved with other means",,,,,,TRUE,,,,TRUE,,,,,,
Kyllä. Pula sopivista osaajista pitää paikkansa.,Ohjelmistokehittäjä,Y,PROGRAMMER,,"There are software developers available, but most candidates are unfortunately low on skills",,TRUE,TRUE,,,,,,,TRUE,,,,,,
Kyllä. Pula sopivista osaajista pitää paikkansa.,Muu tietotekninen asiantuntija,Y,SPECIALIST,,,,,,,,,,,,,,,,,,
Ei. En usko pulatilaa olevan.,Ohjelmistokehittäjä,N,PROGRAMMER,,Shortage would mean that experts would be dragged to work. Still hard to find programming work even there are claims of programmer shortage.,,,,,,,,TRUE,,,,,,,,
Kyllä. Pula sopivista osaajista pitää paikkansa.,Ohjelmistokehittäjä,Y,PROGRAMMER,,,,,,,,,,,,,,,,,,
Ei. En usko pulatilaa olevan.,Asiakas,N,CUSTOMER,,,,,,,,,,,,,,,,,,
Ei. En usko pulatilaa olevan.,Ohjelmistokehittäjä,N,PROGRAMMER,,,,,,,,,,,,,,,,,,
Kyllä. Pula sopivista osaajista pitää paikkansa.,Rekrytointi,Y,RECRUITMENT,,presented a number of talent search platforms as proof of the shortage,,,,,,,,,,,,,,,,
Kyllä. Pula sopivista osaajista pitää paikkansa.,Ohjelmistokehittäjä,Y,PROGRAMMER,,,,,,,,,,,,,,,,,,
Kyllä. Pula sopivista osaajista pitää paikkansa.,Ohjelmistokehittäjä,Y,PROGRAMMER,,,,,,,,,,,,,,,,,,
Ei. En usko pulatilaa olevan.,Muu tietotekninen asiantuntija,N,SPECIALIST,,,,,,,,,,,,,,,,,,
Ei. En usko pulatilaa olevan.,Muu tietotekninen asiantuntija,N,SPECIALIST,,,,,,,,,,,,,,,,,,
Kyllä. Pula sopivista osaajista pitää paikkansa.,Ohjelmistokehittäjä,Y,PROGRAMMER,,"Seniors are needed to watch after hothead inexperienced developers, but companies lack the willingness to pay for experience.",,,TRUE,TRUE,,,,,,,,,,,,
Ei. En usko pulatilaa olevan.,Rekrytointi,N,RECRUITMENT,,,,,,,,,,,,,,,,,,
Kyllä. Pula sopivista osaajista pitää paikkansa.,Muu tietotekninen asiantuntija,Y,SPECIALIST,,"Maybe it's trouble with supply meeting demand and companies seeking for out-of-the-box professionals and are unwilling to train otherwise skilled programmer to a new language, for example. Also other factors play part, like salaries, job descriptions and recruiting. Many ads don't really know what they are seeking and what they are offering.",,TRUE,TRUE,TRUE,,TRUE,,,,,,,,,,
Kyllä. Pula sopivista osaajista pitää paikkansa.,Ohjelmistokehittäjä,Y,PROGRAMMER,,,,,,,,,,,,,,,,,,
Kyllä. Pula sopivista osaajista pitää paikkansa.,Asiakas,Y,CUSTOMER,,,,,,,,,,,,,,,,,,
Kyllä. Pula sopivista osaajista pitää paikkansa.,Ohjelmistokehittäjä,Y,PROGRAMMER,,,,,,,,,,,,,,,,,,
Ei. En usko pulatilaa olevan.,Ohjelmistokehittäjä,N,PROGRAMMER,,"Many employers have limited world view. Often searching for professionals in very specific, narrow area or niche technology and when one can't find one or are not willing to pay what a rare professional asks, the companies want to victimize themselves and complain the talent shortage. I think employers should rather seek for people with right attitude and motivation. This type of person surely learns the niche technology if does not know it already. Employers are arrogant (though becoming less so) and the recruitment processeses and interviews might be belittling towards the candidate.",,,,TRUE,,,,,TRUE,,,,,,,
Kyllä. Pula sopivista osaajista pitää paikkansa.,Muu tietotekninen asiantuntija,Y,SPECIALIST,,"Trouble with keeping up to date with changing tech requirements, with commitment, responsibility taking and with specialist niche roles. Introductions to technologies might take months and the projects are supposed to start immediately.",,,,,,,,,TRUE,,,,,TRUE,,
Ei. En usko pulatilaa olevan.,Ohjelmistokehittäjä,N,PROGRAMMER,,,,,,,,,,,,,,,,,,
Kyllä. Pula sopivista osaajista pitää paikkansa.,Muu tietotekninen asiantuntija,Y,SPECIALIST,,"Lack of ""senior"" -level employees",,,TRUE,,,,,,,,,,,,,
Kyllä. Pula sopivista osaajista pitää paikkansa.,Ohjelmistokehittäjä,Y,PROGRAMMER,,,,,,,,,,,,,,,,,,
Ei. En usko pulatilaa olevan.,Ohjelmistokehittäjä,N,PROGRAMMER,,,,,,,,,,,,,,,,,,
Kyllä. Pula sopivista osaajista pitää paikkansa.,Muu tietotekninen asiantuntija,Y,SPECIALIST,,Their company dependant on foreign workers. Bringing new people in weekly from abroad.,,,,,,,,,,,,,,,TRUE,
Kyllä. Pula sopivista osaajista pitää paikkansa.,Rekrytointi,Y,RECRUITMENT,,,,,,,,,,,,,,,,,,
Kyllä. Pula sopivista osaajista pitää paikkansa.,Yrityksen hallinto,Y,GOVERNANCE,,,,,,,,,,,,,,,,,,
Ei. En usko pulatilaa olevan.,Ohjelmistokehittäjä,N,PROGRAMMER,,,,,,,,,,,,,,,,,,
Kyllä. Pula sopivista osaajista pitää paikkansa.,Ohjelmistokehittäjä,Y,PROGRAMMER,,,,,,,,,,,,,,,,,,
Kyllä. Pula sopivista osaajista pitää paikkansa.,Ohjelmistokehittäjä,Y,PROGRAMMER,,,,,,,,,,,,,,,,,,
Kyllä. Pula sopivista osaajista pitää paikkansa.,Ohjelmistokehittäjä,Y,PROGRAMMER,,,,,,,,,,,,,,,,,,
Kyllä. Pula sopivista osaajista pitää paikkansa.,Muu tietotekninen asiantuntija,Y,SPECIALIST,,,,,,,,,,,,,,,,,,
Kyllä. Pula sopivista osaajista pitää paikkansa.,Ohjelmistokehittäjä,Y,PROGRAMMER,,,,,,,,,,,,,,,,,,
Ei. En usko pulatilaa olevan.,Muu tietotekninen asiantuntija,N,SPECIALIST,,"Mentions Finnish Language requirements as an obstacle even though it should not be. Bad design choices lead to unnecessary work. Programmer shortafe is self-created by the industry. Many teams are only made from multiple senior developers, even though it would be better to have seniors mentoring juniors to ensure continuity. Senior developers support this structure as it's less effort for them and improves their wages",,TRUE,,,TRUE,TRUE,,,,,,,,,TRUE,
Ei. En usko pulatilaa olevan.,Ohjelmistokehittäjä,N,PROGRAMMER,,,,,,,,,,,,,,,,,,
Ei. En usko pulatilaa olevan.,Muu tietotekninen asiantuntija,N,SPECIALIST,,,,,,,,,,,,,,,,,,
Kyllä. Pula sopivista osaajista pitää paikkansa.,Ohjelmistokehittäjä,Y,PROGRAMMER,,"Claims advanced programming requires certain rare characteristics, thus not possible to increase amount indefinitely since there just isn't indefinitely people who can be trained.",,,,,,,,,,,,,,,,
Kyllä. Pula sopivista osaajista pitää paikkansa.,Ohjelmistokehittäjä,Y,PROGRAMMER,,,,,,,,,,TRUE,,,,,,,,
Kyllä. Pula sopivista osaajista pitää paikkansa.,Muu tietotekninen asiantuntija,Y,SPECIALIST,,,,,,,,,,,,,,,,,,
Kyllä. Pula sopivista osaajista pitää paikkansa.,Ohjelmistokehittäjä,Y,PROGRAMMER,,"More than lack of suitable candidates, the respondent says there's lack of willingness to train junior programmers. There's a lot of ""5y experience on 3y old technology needed"" style of advertisements. Also mentions the importance of luck, networks and hobby programming for landing jobs.",,TRUE,,,,,,,TRUE,,,,,,,
Kyllä. Pula sopivista osaajista pitää paikkansa.,Ohjelmistokehittäjä,Y,PROGRAMMER,,Claims to have found good well paying work easily with less than 1 year of self study. Respondent is happy with one's pay even though has less than 1 year of work experience.,,,,,,,,,,,,,,,,
Kyllä. Pula sopivista osaajista pitää paikkansa.,Ohjelmistokehittäjä,Y,PROGRAMMER,,,,,,,,,,,,,,,,,,
Ei. En usko pulatilaa olevan.,Ohjelmistokehittäjä,N,PROGRAMMER,,,,,,,,,,,,,,,,,,
Kyllä. Pula sopivista osaajista pitää paikkansa.,Muu tietotekninen asiantuntija,Y,SPECIALIST,,,,,,,,,,,,,,,,,,
Kyllä. Pula sopivista osaajista pitää paikkansa.,Ohjelmistokehittäjä,Y,PROGRAMMER,,Mentions that better salaries would make the companies and the industry more attractive for young people and international talent. Mentions 2000-3000e/month salaries are not competitive by any standard. Also mentions that the Finnish taxation system hinders monetary compensation from being very effective by itself.,,,,TRUE,,,,,,,,,,,TRUE,
Ei. En usko pulatilaa olevan.,Ohjelmistokehittäjä,N,PROGRAMMER,,,,,,,,,,,,,,,,,,
Kyllä. Pula sopivista osaajista pitää paikkansa.,Muu tietotekninen asiantuntija,Y,SPECIALIST,,,,,,,,,,,,,,,,,,
Ei. En usko pulatilaa olevan.,Muu tietotekninen asiantuntija,N,SPECIALIST,,,,,,,,,,,,,,,,,,
Kyllä. Pula sopivista osaajista pitää paikkansa.,Muu tietotekninen asiantuntija,Y,SPECIALIST,,,,,,,,,,,,,,,,,,
Kyllä. Pula sopivista osaajista pitää paikkansa.,Ohjelmistokehittäjä,Y,PROGRAMMER,,,,,,,,,,,,,,,,,,
Kyllä. Pula sopivista osaajista pitää paikkansa.,Rekrytointi,Y,RECRUITMENT,,,,,,,,,,,,,,,,,,
Ei. En usko pulatilaa olevan.,Muu tietotekninen asiantuntija,N,SPECIALIST,,"Finnish programming industry is mostly around consulting, where companies sell CV's, which means that there's shortage of seniors or at least ones, who work for junior salaries. Head hunter can fill a position if one compensates clearly more than from your existing job. I know a lot of cases where work is hard to find as your CV might not look ""sellable."" The problem is that you need work experience first in order to land a job. I claim that Finland lacks companies that build their own products that would be comfortable on paying juniors who are learning to become seniors. Consultancies could make investments to develop juniors into becoming top players, but that would cut from company profits as juniors expect salaries as well and thus making this approach unpopular.",,TRUE,TRUE,TRUE,,,,,,,,,,,,
Kyllä. Pula sopivista osaajista pitää paikkansa.,Ohjelmistokehittäjä,Y,PROGRAMMER,,,,,,,,,,,,,,,,,,
Kyllä. Pula sopivista osaajista pitää paikkansa.,Ohjelmistokehittäjä,Y,PROGRAMMER,,Does a lot of recruiting in a big company (nearly thousand employees). Only way to find employees in Finland is via expensive head hunters. Another option is recruiting abroad. Says especially Russia has a lot of people interested in moving to Finland.,,,,,,,TRUE,,,,,,,,TRUE,
Kyllä. Pula sopivista osaajista pitää paikkansa.,Ohelmistoarkkitehti,Y,PROGRAMMER,Software architect,,,,,,,,,,,,,,,,,
Ei. En usko pulatilaa olevan.,Ohjelmistokehittäjä,N,PROGRAMMER,,"If there would be a true shortage, prices of work would rise faster. Lack of seniors with junior wages.",,,TRUE,TRUE,,,,,,,,,,,,
Ei. En usko pulatilaa olevan.,Yrityksen hallinto,N,GOVERNANCE,,,,,,,,,,,,,,,,,,
Ei. En usko pulatilaa olevan.,Ohjelmistokehittäjä,N,PROGRAMMER,,No real shortage. Everyone seeks 25 year old professionals with 30 years of experience who works for minimum wage.,,,TRUE,TRUE,,,,,,,,,,,,
Kyllä. Pula sopivista osaajista pitää paikkansa.,Ohjelmistokehittäjä,Y,PROGRAMMER,,,,,,,,,,,,,,,,,,
Kyllä. Pula sopivista osaajista pitää paikkansa.,Ohjelmistokehittäjä,Y,PROGRAMMER,,,,,,,,,,,,,,,,,,
Ei. En usko pulatilaa olevan.,Ohjelmistokehittäjä,N,PROGRAMMER,,,,,,,,,,,,,,,,,,
Ei. En usko pulatilaa olevan.,Ohjelmistokehittäjä,N,PROGRAMMER,,,,,,,,,,,,,,,,,,
Kyllä. Pula sopivista osaajista pitää paikkansa.,Ohjelmistokehittäjä,Y,PROGRAMMER,,"Shortage only on people with some years of experience. But against the narrative, new graduates and students are not dragged off from schools to industry. Even though with some extra effort and activity one can land some jobs without education.",,TRUE,TRUE,,,,,,,,,,,,,
Ei. En usko pulatilaa olevan.,Yrityksen hallinto,N,GOVERNANCE,,,,,,,,,,,,,,,,,,
Ei. En usko pulatilaa olevan.,Muu tietotekninen asiantuntija,N,SPECIALIST,,,,,,,,,,,,,,,,,,
Kyllä. Pula sopivista osaajista pitää paikkansa.,Ohjelmistokehittäjä,Y,PROGRAMMER,,,,,,,,,,,,,,,,,,
Kyllä. Pula sopivista osaajista pitää paikkansa.,Ohjelmistokehittäjä,Y,PROGRAMMER,,,,,,,,,,,,,,,,,,
Kyllä. Pula sopivista osaajista pitää paikkansa.,Rekrytointi,Y,RECRUITMENT,,"Says ""high demand"" is better word to describe the situation than shortage. There would be more growth, if there would be more of the kind of professionals companies currently employ.",TRUE,,TRUE,,,,,,,,,,TRUE,,,
Ei. En usko pulatilaa olevan.,Ei-tekninen työn organisointi,N,MANAGEMENT,,,,,,,,,,,,,,,,,,
Kyllä. Pula sopivista osaajista pitää paikkansa.,IT-konsultti,Y,SPECIALIST,IT-consultant,,,,,,,,,,,,,,,,,
Kyllä. Pula sopivista osaajista pitää paikkansa.,Ohjelmistokehittäjä,Y,PROGRAMMER,,,,,,,,,,,,,,,,,,
Kyllä. Pula sopivista osaajista pitää paikkansa.,Ohjelmistokehittäjä,Y,PROGRAMMER,,,,,,,,,,,,,,,,,,
Kyllä. Pula sopivista osaajista pitää paikkansa.,Ohjelmistokehittäjä,Y,PROGRAMMER,,,,,,,,,,,,,,,,,,
Kyllä. Pula sopivista osaajista pitää paikkansa.,Rekrytointi,Y,RECRUITMENT,,"A recruiting developer in about 150 person product house. Only about 1 in 30 applications coming in are worthwhile. The rest think too much of themselves and will never develop into the senior developers they think they are. On the other hand, we have quite high bar for skills.",,,TRUE,,,,,,TRUE,TRUE,,,,,,
Kyllä. Pula sopivista osaajista pitää paikkansa.,Ei-tekninen työn organisointi,Y,MANAGEMENT,,"Some niches have way too high demand. Programmers also seek to work with limited set of new technologies, which is often not possible.",,,,,,,,,,,,,,,,
Ei. En usko pulatilaa olevan.,Muu tietotekninen asiantuntija,N,SPECIALIST,,Lack of cheap and good labor.,,,TRUE,TRUE,,,,,,,,,,,,
Ei. En usko pulatilaa olevan.,Ohjelmistokehittäjä,N,PROGRAMMER,,The only problem is the lack of willingness to pay. Companies want prime quality for budget prices. Says their company pays well and says they have never had any troubles hiring new people.,,,,TRUE,,,,,,,,,,,,
Kyllä. Pula sopivista osaajista pitää paikkansa.,Ohjelmistokehittäjä,Y,PROGRAMMER,,,,,,,,,,,,,,,,,,
Kyllä. Pula sopivista osaajista pitää paikkansa.,Yrityksen hallinto,Y,GOVERNANCE,,Works in the supplier business. The lack is specifically for senior workers. Claims client purchase culture often requires experienced developers even when more junior vendors would suffice as parts of teams.,,TRUE,TRUE,,,TRUE,,,,,,,,,,
Ei. En usko pulatilaa olevan.,Ohjelmistokehittäjä,N,PROGRAMMER,,,,,,,,,,,,,,,,,,
Kyllä. Pula sopivista osaajista pitää paikkansa.,Muu tietotekninen asiantuntija,Y,SPECIALIST,,,,,,,,,,,,,,,,,,
Ei. En usko pulatilaa olevan.,Ohjelmistokehittäjä,N,PROGRAMMER,,,,,,,,,,,,,,,,,,
Kyllä. Pula sopivista osaajista pitää paikkansa.,Ohjelmistokehittäjä,Y,PROGRAMMER,,,,,,,,,,,,,,,,,,
Ei. En usko pulatilaa olevan.,Ohjelmistokehittäjä,N,PROGRAMMER,,,,,,,,,,,,,,,,,,
Ei. En usko pulatilaa olevan.,Ohjelmistokehittäjä,N,PROGRAMMER,,,,,,,,,,,,,,,,,,
Ei. En usko pulatilaa olevan.,Muu tietotekninen asiantuntija,N,SPECIALIST,,Over-the-roof expectations and bad pay are the reason for programmer shortage. And many companies lack ambition.,,,,TRUE,,,,,TRUE,,,,,,,
Ei. En usko pulatilaa olevan.,Ohjelmistokehittäjä,N,PROGRAMMER,,"Bad experiences with quality of outsourced workers. Good programmers available locally, but require real wages.",,,,TRUE,,,,,,,,,,,,
Kyllä. Pula sopivista osaajista pitää paikkansa.,Ohjelmistokehittäjä,Y,PROGRAMMER,,,,,,,,,,,,,,,,,,
Ei. En usko pulatilaa olevan.,Ei-tekninen työn organisointi,N,MANAGEMENT,,Employer centralization to capital region is the problem. Not programmer shortage. This creates the illusion of programmer shortage. There's plenty of professionals all around Finland if the jobs would be distributed more evenly across the country.,,,,,,,,,,,,TRUE,,,,
Ei. En usko pulatilaa olevan.,Muu tietotekninen asiantuntija,N,SPECIALIST,,Companies want to pay very little and then wonder when there's no takers. Has encountered clients trying to buy work for half the price requested. Anecdotes of clients needing special experience even on internal systems of the client systems. Many clients lack the knowledge on evaluating the skills of programmers and end up trusting titles. Offers two solutions for recruitment problems: Better wages on par with neighboring countries and improvements in recruiting services with sufficient skills on evaluating experience,,,,TRUE,,TRUE,,,TRUE,,,,,,,
Kyllä. Pula sopivista osaajista pitää paikkansa.,Ohjelmistokehittäjä,Y,PROGRAMMER,,,,,,,,,,,,,,,,,,
Kyllä. Pula sopivista osaajista pitää paikkansa.,Ohjelmistokehittäjä,Y,PROGRAMMER,,,,,,,,,,,,,,,,,,
Kyllä. Pula sopivista osaajista pitää paikkansa.,Ohjelmistokehittäjä,Y,PROGRAMMER,,,,,,,,,,,,,,,,,,
Kyllä. Pula sopivista osaajista pitää paikkansa.,Ohjelmistokehittäjä,Y,PROGRAMMER,,,,,,,,,,,,,,,,,,
Kyllä. Pula sopivista osaajista pitää paikkansa.,Ohjelmistokehittäjä,Y,PROGRAMMER,,Suggests more programming education. Either as profession or as part of other education.,TRUE,,,,,,,,,,,,,,,
Kyllä. Pula sopivista osaajista pitää paikkansa.,Ohjelmistokehittäjä,Y,PROGRAMMER,,Says a lot of demand in linkedin at least for web architects.,,,,,,,,,,,TRUE,,,,,
Kyllä. Pula sopivista osaajista pitää paikkansa.,Muu tietotekninen asiantuntija,Y,SPECIALIST,,,,,,,,,,,,,,,,,,
Kyllä. Pula sopivista osaajista pitää paikkansa.,Yrityksen hallinto,Y,GOVERNANCE,,,,,,,,,,,,,,,,,,
Ei. En usko pulatilaa olevan.,Opiskelija,N,OTHER,Student,Suspects the motivations for the narrative are to reduce labor costs,,,,TRUE,,,,,,,,,TRUE,,,
Kyllä. Pula sopivista osaajista pitää paikkansa.,Ohjelmistokehittäjä,Y,PROGRAMMER,,"Not easy time recruiting. ""Programmers"" are available, but suitable/productive ones hard to find",,,TRUE,,,,,,,TRUE,,,,,,
Kyllä. Pula sopivista osaajista pitää paikkansa.,Ohjelmistokehittäjä,Y,PROGRAMMER,,Shortage exists because companies want cheap labor,,,,TRUE,,,,,,,,,,,,
Ei. En usko pulatilaa olevan.,Yrityksen hallinto,N,GOVERNANCE,,,,,,,,,,,,,,,,,,
Kyllä. Pula sopivista osaajista pitää paikkansa.,Muu tietotekninen asiantuntija,Y,SPECIALIST,,Believes programmer shortage is mostly about senior programmers,,,TRUE,,,,,,,,,,,,,
Ei. En usko pulatilaa olevan.,Ohjelmistokehittäjä,N,PROGRAMMER,,,,,,,,,,,,,,,,,,
Kyllä. Pula sopivista osaajista pitää paikkansa.,Ohjelmistokehittäjä,Y,PROGRAMMER,,,,,,,,,,,,,,,,,,
Kyllä. Pula sopivista osaajista pitää paikkansa.,Ohjelmistokehittäjä,Y,PROGRAMMER,,,,,,,,,,,,,,,,,,
Kyllä. Pula sopivista osaajista pitää paikkansa.,Ohjelmistokehittäjä,Y,PROGRAMMER,,,,,,,,,,,,,,,,,,
Ei. En usko pulatilaa olevan.,Muu tietotekninen asiantuntija,N,SPECIALIST,,,,,,,,,,,,,,,,,,
Kyllä. Pula sopivista osaajista pitää paikkansa.,Ohjelmistokehittäjä,Y,PROGRAMMER,,,,,,,,,,,,,,,,,,
Ei. En usko pulatilaa olevan.,Ohjelmistokehittäjä,N,PROGRAMMER,,There's only shortage because companies want senior developers with junior wages and they lack the will to train people themselves.,,TRUE,TRUE,TRUE,,,,,,,,,,,,
Ei. En usko pulatilaa olevan.,Ohjelmistokehittäjä,N,PROGRAMMER,,No shortage of programmers. Soon to be in oversupply. Lack of suitable professionals is true. The field is getting wider all the time.,,,TRUE,,,,,,,,,,,,,
Ei. En usko pulatilaa olevan.,Ohjelmistokehittäjä,N,PROGRAMMER,,,,,,,,,,,,,,,,,,
Kyllä. Pula sopivista osaajista pitää paikkansa.,Ohjelmistokehittäjä,Y,PROGRAMMER,,Can't find skilled people. Basic level programmers can be found.,,,TRUE,,,,,,,TRUE,,,,,,
Kyllä. Pula sopivista osaajista pitää paikkansa.,Ei-tekninen työn organisointi,Y,MANAGEMENT,,"""Suitable professional"" is too wide of a description. Suspects if companies could afford to spend a few months to train new programmers, there would be no shortage.",TRUE,TRUE,,,,,,,TRUE,,,,,,,
Kyllä. Pula sopivista osaajista pitää paikkansa.,Ohjelmistokehittäjä,Y,PROGRAMMER,,Companies do not want to hire inexperienced programmers who need to learn and gain work experience. Therefore fresh graduates end up without work and it leads to complains of programmer shortage. Big gap between what education can give and what industry demands from labor.,,TRUE,,,,,,,,,,,,,,
Kyllä. Pula sopivista osaajista pitää paikkansa.,Ohjelmistokehittäjä,Y,PROGRAMMER,,,,,,,,,,,,,,,,,,
Ei. En usko pulatilaa olevan.,Muu tietotekninen asiantuntija,N,SPECIALIST,,"Believes there's a matching problem, but mostly it's just that there's shortage of companies offering reasonable pay and working conditions. Quite often the ads are about seeking experienced professionals to short-term employments with bad pay. And if you look at the situation outside the capital region, the work is usually tied to office location in capital region and does not support remote work.",,,TRUE,TRUE,,,,,,,,TRUE,,,,
Ei. En usko pulatilaa olevan.,Yrityksen hallinto,N,GOVERNANCE,,,,,,,,,,,,,,,,,,
Kyllä. Pula sopivista osaajista pitää paikkansa.,Ohjelmistokehittäjä,Y,PROGRAMMER,,,,,,,,,,,,,,,,,,
Ei. En usko pulatilaa olevan.,Muu tietotekninen asiantuntija,N,SPECIALIST,,,,,,,,,,,,,,,,,,
Kyllä. Pula sopivista osaajista pitää paikkansa.,Ohjelmistokehittäjä,Y,PROGRAMMER,,"Skilled programmers in short supply. Plenty of work for them. On the other hand, problem is that unemployed (and skilled) programmers are not matched with smaller companies looking for labor. On the other hand, problem might be that established companies don't have th courage to hire beginner programmers who might prove to be very skilled.",,TRUE,TRUE,,,,,TRUE,,,,,,,,
Ei. En usko pulatilaa olevan.,Ohjelmistokehittäjä,N,PROGRAMMER,,,,,,,,,,,,,,,,,,
Ei. En usko pulatilaa olevan.,Ohjelmistokehittäjä,N,PROGRAMMER,,"Companies seek for a specific employee who knows the technologies company is looking for. If one extends the search to international, one can find one exact match from the greater mass. Mentions the employers don't want to invest in their workforce by educating them. See them only as a cost center.",,TRUE,TRUE,,,,,,,,,,,,TRUE,
Kyllä. Pula sopivista osaajista pitää paikkansa.,Rekrytointi,Y,RECRUITMENT,,,,,,,,,,,,,,,,,,
Ei. En usko pulatilaa olevan.,Ohjelmistokehittäjä,N,PROGRAMMER,,,,,,,,,,,,,,,,,,
Kyllä. Pula sopivista osaajista pitää paikkansa.,Ohjelmistokehittäjä,Y,PROGRAMMER,,,,,,,,,,,,,,,,,,
Kyllä. Pula sopivista osaajista pitää paikkansa.,Designer,Y,SPECIALIST,Designer,,,,,,,,,,,,,,,,,
Kyllä. Pula sopivista osaajista pitää paikkansa.,Ohjelmistokehittäjä,Y,PROGRAMMER,,Employers are too focused on latest hype,,,,,,,,,TRUE,,,,,,,
Kyllä. Pula sopivista osaajista pitää paikkansa.,Yrityksen hallinto,Y,GOVERNANCE,,"Matching problem is the main culprit. E.g. there would be workers available in smaller cities, but the client requires 5 days a week availability in their office in capital region. On the other hand, there seems to be lack of senior talent especially in the growing cities.",,,TRUE,,,,,,,,,TRUE,,,,
Kyllä. Pula sopivista osaajista pitää paikkansa.,Rekrytointi,Y,RECRUITMENT,,,,,,,,,,,,,,,,,,
Ei. En usko pulatilaa olevan.,Ohjelmistokehittäjä,N,PROGRAMMER,,,,,,,,,,,,,,,,,,
Ei. En usko pulatilaa olevan.,Muu tietotekninen asiantuntija,N,SPECIALIST,,"Customers don't know what they want or can't communicate it well enough leading to a lot of unnecessary work. Once clients IT-knowledge develops, also the need for programming work will reduce.",,,,,,TRUE,,,,,,,,,,
Ei. En usko pulatilaa olevan.,Ohjelmistokehittäjä,N,PROGRAMMER,,,,,,,,,,,,,,,,,,
Kyllä. Pula sopivista osaajista pitää paikkansa.,Ohjelmistokehittäjä,Y,PROGRAMMER,,Claims to have way enough work,,,,,,,,,,,,,,,,
Kyllä. Pula sopivista osaajista pitää paikkansa.,Ohjelmistokehittäjä,Y,PROGRAMMER,,Commitment problems with programmers. Learning a specialized domain takes a lot of time and investment.,,,,,,,,,TRUE,,,,,TRUE,,
Kyllä. Pula sopivista osaajista pitää paikkansa.,Ohjelmistokehittäjä,Y,PROGRAMMER,,"Finland lacks good, fast learning programmers. Slow ones easy to find, but are not as efficient to justify similar earnings than better ones.",,,TRUE,,,,,,,TRUE,,,,,,
Ei. En usko pulatilaa olevan.,Ohjelmistokehittäjä,N,PROGRAMMER,,"Shortage might be in capital region, but not across Finland. For some reason, capital region companies require you to be present, but for companies in the municipalities, remote work is okay by the respondents experience. Has received offers where salary has been 60% of what this one currently earns. Salary is not #1 priority, but that kind of cut would be too much.",,,,TRUE,,,,,,,,TRUE,,,,
Kyllä. Pula sopivista osaajista pitää paikkansa.,Ohjelmistokehittäjä,Y,PROGRAMMER,,,,,,,,,,,,,,,,,,
Kyllä. Pula sopivista osaajista pitää paikkansa.,Ohjelmistokehittäjä,Y,PROGRAMMER,,Shortage of hi hihgly people with the right skills,,,,,,,,,,,,,,,,
Kyllä. Pula sopivista osaajista pitää paikkansa.,Ohjelmistokehittäjä,Y,PROGRAMMER,,There would be enough programmers if the coders would not need to work on every half-technical task around.,,,,,,TRUE,,,,,,,,,,
Ei. En usko pulatilaa olevan.,Muu tietotekninen asiantuntija,N,SPECIALIST,,,,,,,,,,,,,,,,,,
Ei. En usko pulatilaa olevan.,Yrityksen hallinto,N,GOVERNANCE,,,,,,,,,,,,,,,,,,
Kyllä. Pula sopivista osaajista pitää paikkansa.,Ohjelmistokehittäjä,Y,PROGRAMMER,,,,,,,,,,,,,,,,,,
Kyllä. Pula sopivista osaajista pitää paikkansa.,Ohjelmistokehittäjä,Y,PROGRAMMER,,"There are plenty of applicants, but skills seem to be lacking. Says companies do obsolete legacy projects that might not attract young coders",,,,,,TRUE,,,TRUE,TRUE,,,,,,
Ei. En usko pulatilaa olevan.,Muu tietotekninen asiantuntija,N,SPECIALIST,,,,,,,,,,,,,,,,,,
Kyllä. Pula sopivista osaajista pitää paikkansa.,Ohjelmistokehittäjä,Y,PROGRAMMER,,,,,,,,,,,,,,,,,,
Kyllä. Pula sopivista osaajista pitää paikkansa.,Muu tietotekninen asiantuntija,Y,SPECIALIST,,,,,,,,,,,,,,,,,,
Ei. En usko pulatilaa olevan.,Ohjelmistokehittäjä,N,PROGRAMMER,,,,,,,,,,,,,,,,,,
Kyllä. Pula sopivista osaajista pitää paikkansa.,Ohjelmistokehittäjä,Y,PROGRAMMER,,Companies don't want to pay for skilled employees or people able to learn on the job. Not all employees are willing to work on the prices companies are willing to pay.,,,,TRUE,,,,,,,,,,,,
Kyllä. Pula sopivista osaajista pitää paikkansa.,Ohjelmistokehittäjä,Y,PROGRAMMER,,"Knows the country is full of unemployed skilled workers, but companies just require that wide array of skills from a person and/or knowledge in some obscure niche, which filters candidates out. No-one has time to train new workers",,TRUE,,,,,,,TRUE,,,,,,,
Ei. En usko pulatilaa olevan.,Ohjelmistokehittäjä,N,PROGRAMMER,,,,,,,,,,,,,,,,,,
Kyllä. Pula sopivista osaajista pitää paikkansa.,Ohjelmistokehittäjä,Y,PROGRAMMER,,,,,,,,,,,,,,,,,,
Kyllä. Pula sopivista osaajista pitää paikkansa.,Yrityksen hallinto,Y,GOVERNANCE,,Likely reason for this experience is that the employer expectations for labor rise so high that most of the applicants available in the market are automatically falling below the rim.,,,,,,,,,TRUE,,,,,,,
Kyllä. Pula sopivista osaajista pitää paikkansa.,Rekrytointi,Y,RECRUITMENT,,,,,,,,,,,,,,,,,,
Kyllä. Pula sopivista osaajista pitää paikkansa.,Ohjelmistokehittäjä,Y,PROGRAMMER,,,,,,,,,,,,,,,,,,
Kyllä. Pula sopivista osaajista pitää paikkansa.,Ohjelmistokehittäjä,Y,PROGRAMMER,,,,,,,,,,,,,,,,,,
Ei. En usko pulatilaa olevan.,Muu tietotekninen asiantuntija,N,SPECIALIST,,"Companies seek all-around professionals, unicorns, or niche experts with small salaries. No-one wants to train juniors. Especially salaried juniors. Or people who only know a portion of the languages required.",,TRUE,,TRUE,,,,,TRUE,,,,,,,
Ei. En usko pulatilaa olevan.,Ohjelmistokehittäjä,N,PROGRAMMER,,,,,,,,,,,,,,,,,,
Ei. En usko pulatilaa olevan.,Ohjelmistokehittäjä,N,PROGRAMMER,,,,,,,,,,,,,,,,,,
Kyllä. Pula sopivista osaajista pitää paikkansa.,Ohjelmistokehittäjä,Y,PROGRAMMER,,,,,,,,,,,,,,,,,,
Kyllä. Pula sopivista osaajista pitää paikkansa.,Ohjelmistokehittäjä,Y,PROGRAMMER,,,,,,,,,,,,,,,,,,
Ei. En usko pulatilaa olevan.,Ohjelmistokehittäjä,N,PROGRAMMER,,Many companies want senior developers on junior salary so they won't need to train them themselves.,,TRUE,TRUE,TRUE,,,,,,,,,,,,
Kyllä. Pula sopivista osaajista pitää paikkansa.,Hallinto/johto/rekrytointi,Y,GOVERNANCE,Management/Leadership/Recruitment,"Considers it obvious there's more available positions than professionals. Mentions companies need seniors to train juniors and to build products. Junior-only workforce is unfeasible. Not every senior can just coach juniors. It's not unreasonable to ask people to have professional skills when they enter working. Maybe skilled programmers feed the narrative of programmer shortage to improve their own compensation? Claims they pay competitive salary, is flexible and gives opportunities for workforce development, still finds it difficult to find and hire skilled workforce and competitors are poaching heacily",,,TRUE,,,,TRUE,,,TRUE,TRUE,,TRUE,TRUE,,
Kyllä. Pula sopivista osaajista pitää paikkansa.,Rekrytointi,Y,RECRUITMENT,,,,,,,,,,,,,,,,,,
Kyllä. Pula sopivista osaajista pitää paikkansa.,Yrityksen hallinto,Y,GOVERNANCE,,,,,,,,,,,,,,,,,,
Kyllä. Pula sopivista osaajista pitää paikkansa.,Ohjelmistokehittäjä,Y,PROGRAMMER,,,,,,,,,,,,,,,,,,
Ei. En usko pulatilaa olevan.,Data scientist ,N,SPECIALIST,Data Scientist,,,,,,,,,,,,,,,,,
Ei. En usko pulatilaa olevan.,Muu tietotekninen asiantuntija,N,SPECIALIST,,"There is a lot of programmers, but everyone wants the best ones.",,,TRUE,,,,,,,TRUE,,,,,,
Ei. En usko pulatilaa olevan.,Muu tietotekninen asiantuntija,N,SPECIALIST,,"Says Finland has a unnecessary extra commercial layer for managing cheap offshore and nearshore work, that reduces cost-effectiveness and customer experience.",,,,,TRUE,TRUE,,,,,,,,,,
Kyllä. Pula sopivista osaajista pitää paikkansa.,Ohjelmistokehittäjä,Y,PROGRAMMER,,,,,,,,,,,,,,,,,,
Ei. En usko pulatilaa olevan.,Muu tietotekninen asiantuntija,N,SPECIALIST,,"Programmer shortage usually is tied to lack of willingness to invest in juniors and to inefficient work practices. Consultancies want to maximize the utilization rate, which often leads to building everything from scratch for multiple customers. There should be courage to put juniors to work with us seniors. I know a lot of things from 25 years of experience which would be a shame to lose when I retire.",,TRUE,,,,TRUE,,,,,,,,,,
Ei. En usko pulatilaa olevan.,Ohjelmistokehittäjä,N,PROGRAMMER,,Programmers are looked for all the time as they make the core business of building the products being sold. Emphasizes the importance of company ownership and feels many company owners and management does not respect the developers equally as peers.,,,,TRUE,,,,,,,,,,,,
Kyllä. Pula sopivista osaajista pitää paikkansa.,Ohjelmistokehittäjä,Y,PROGRAMMER,,"Claims new entrants to the field are coming up so fast, that the demand will be soon satisfied and many wishful entrants won't be able to land a job.",,,,,,,,,,TRUE,,,,,,
Kyllä. Pula sopivista osaajista pitää paikkansa.,"Ohjlelmistokehittäjä (konsultti) + työnantaja (yrittäjä, halituksen puheenjohtaja)",Y,GOVERNANCE,"Software developer (consultant) + employer (enterpreneur, chairman of board)",,,,,,,,,,,,,,,,,
Ei. En usko pulatilaa olevan.,Ohjelmistokehittäjä,N,PROGRAMMER,,"Does not think there is a shortage due to recent job seeking experiences. Has 3 years of experience and a university degree, but claims more experienced ones are always chosen. Also gets feedback that one's salary requirement (4k/month) scares employers, even though this one claims it's reasonable. Even though job advertisements claim they are for beginner/intermediate professionals with 1-3 years of experience, still more experienced ones apply and get the jobs. The ""shortage"" is for seniors with junior wages.",,,TRUE,TRUE,,,,TRUE,,,,,,,,
Kyllä. Pula sopivista osaajista pitää paikkansa.,Ohjelmistokehittäjä,Y,PROGRAMMER,,,,,,,,,,,,,,,,,,
Ei. En usko pulatilaa olevan.,Ohjelmistokehittäjä,N,PROGRAMMER,,Shortage only in senior developers who work for less than 3k/month,,,TRUE,TRUE,,,,,,,,,,,,
Kyllä. Pula sopivista osaajista pitää paikkansa.,Ohjelmistokehittäjä,Y,PROGRAMMER,,,,,,,,,,,,,,,,,,
Kyllä. Pula sopivista osaajista pitää paikkansa.,Ohjelmistokehittäjä,Y,PROGRAMMER,,,,,,,,,,,,,,,,,,
Ei. En usko pulatilaa olevan.,Muu tietotekninen asiantuntija,N,SPECIALIST,,"Does not live in capital region. Almost graduated engineer. Company has 2 in-house developers even though they do not make any software to external customers. Managed to land a job with fairly little experience, but what has talked with other students, many seem to have trouble landing first jobs.",,TRUE,,,,,,,,,,,,,,
Kyllä. Pula sopivista osaajista pitää paikkansa.,Ohjelmistokehittäjä,Y,PROGRAMMER,,"Respondents manager has said, it's very hard to find skilled people in capital region",,,TRUE,,,,,,,,,,,,,
Ei. En usko pulatilaa olevan.,Ohjelmistokehittäjä,N,PROGRAMMER,,,,,,,,,,,,,,,,,,
Ei. En usko pulatilaa olevan.,Ohjelmistokehittäjä,N,PROGRAMMER,,Mentions that the discourse on talent shortage has twisted the market to absurd. Has talked with a number of sales directors sharing the opinion.,,TRUE,TRUE,,,,,,TRUE,,,,TRUE,,,
Kyllä. Pula sopivista osaajista pitää paikkansa.,Ohjelmistokehittäjä,Y,PROGRAMMER,,,,,,,,,,,,,,,,,,
Ei. En usko pulatilaa olevan.,Ohjelmistokehittäjä,N,PROGRAMMER,,"Work is being offered left and right, but most are just seeking senior developers on junior salaries.",,,TRUE,TRUE,,,,,,,TRUE,,,,,
Ei. En usko pulatilaa olevan.,Ohjelmistokehittäjä,N,PROGRAMMER,,Niche domain requirements matching the exact company requirements hard to fill,,,,TRUE,,,,,TRUE,,,,,,,
Ei. En usko pulatilaa olevan.,Ohjelmistokehittäjä,N,PROGRAMMER,,Programmer shortage by itself means more that there's a shortage of cheap programmers. Employers who are willing to pay for the expertise will find the people they need.,,,,TRUE,,,,,,,,,,,,
Kyllä. Pula sopivista osaajista pitää paikkansa.,Ohjelmistokehittäjä,Y,PROGRAMMER,,,,,,,,,,,,,,,,,,
Kyllä. Pula sopivista osaajista pitää paikkansa.,Ohjelmistokehittäjä,Y,PROGRAMMER,,,,,,,,,,,,,,,,,,
Kyllä. Pula sopivista osaajista pitää paikkansa.,Ohjelmistokehittäjä,Y,PROGRAMMER,,,,,,,,,,,,,,,,,,
Kyllä. Pula sopivista osaajista pitää paikkansa.,Ohjelmistokehittäjä,Y,PROGRAMMER,,Simply not enough senior-level experience for digitalizing everything needed. Seniors ask higher wages than juniors and are not as motivated.,,,TRUE,TRUE,,,,,,,,,,,,
Kyllä. Pula sopivista osaajista pitää paikkansa.,Ohjelmistokehittäjä,Y,PROGRAMMER,,"Trainees and career switchers are available, but experts with multiple years of experience are really hard to recruit.",,TRUE,TRUE,,,,,,,TRUE,,,,,,
Ei. En usko pulatilaa olevan.,Ohjelmistokehittäjä,N,PROGRAMMER,,Shortage in experienced professionals. Especially ones who can handle larger systems alone and who understand dependencies. In consultancies experience is required so they can bodyshop individuals who don't need a support network around them.,,,TRUE,,,,,,,,,,,,,
Ei. En usko pulatilaa olevan.,Ohjelmistokehittäjä,N,PROGRAMMER,,,,,,,,,,,,,,,,,,
Ei. En usko pulatilaa olevan.,Muu tietotekninen asiantuntija,N,SPECIALIST,,"There are plenty of junior devs, but no willingness to hire them.",,TRUE,,,,,,,,TRUE,,,,,,
Ei. En usko pulatilaa olevan.,Ohjelmistokehittäjä,N,PROGRAMMER,,,,,,,,,,,,,,,,,,
Ei. En usko pulatilaa olevan.,Ohjelmistokehittäjä,N,PROGRAMMER,,,,,,,,,,,,,,,,,,
Kyllä. Pula sopivista osaajista pitää paikkansa.,Muu tietotekninen asiantuntija,Y,SPECIALIST,,Has a lot of ex-Nokians and younger professionals. Lack of agile professionals who can deliver what customer actually wants.,,,TRUE,,,TRUE,,,,,,,,,,
Kyllä. Pula sopivista osaajista pitää paikkansa.,Ohjelmistokehittäjä,Y,PROGRAMMER,,Schools do not create enough professionals,,,,,,,,,,,,,,,,
Kyllä. Pula sopivista osaajista pitää paikkansa.,Ohjelmistokehittäjä,Y,PROGRAMMER,,,,,,,,,,,,,,,,,,
Kyllä. Pula sopivista osaajista pitää paikkansa.,Ohjelmistokehittäjä,Y,PROGRAMMER,,"Have not managed to arrange interviews, but suspects internal processes and the recruitment process are partly to blame.",,,,,,,TRUE,,,,,,,,,
Kyllä. Pula sopivista osaajista pitää paikkansa.,Ohjelmistokehittäjä,Y,PROGRAMMER,,,,,,,,,,,,,,,,,,
Kyllä. Pula sopivista osaajista pitää paikkansa.,Muu tietotekninen asiantuntija,Y,SPECIALIST,,,,,,,,,,,,,,,,,,
Ei. En usko pulatilaa olevan.,Ohjelmistokehittäjä,N,PROGRAMMER,,Lack of young professionals with senior experience and junior wage requirements,,,TRUE,TRUE,,,,,,,,,,,,
Kyllä. Pula sopivista osaajista pitää paikkansa.,Muu tietotekninen asiantuntija,Y,SPECIALIST,,"Programmer shortage is from experienced and multi-disciplined professionals, not on beginners or for people with less than 5 years of experience. And not just for programmers. Shortage also in other adjacent professions. Data communications, enterprise system management, firewall configuration, authentication, load balancing, storage, virtualization, cloud management etc. Really hard to find skilled people for these niches in Finland and almost impossible outside the capital region. Often the only option is to buy services from international consultants. Waiting for service might take years.",,,TRUE,,,,,,TRUE,TRUE,,,,,TRUE,
Kyllä. Pula sopivista osaajista pitää paikkansa.,Rekrytointi,Y,RECRUITMENT,,,,,,,,,,,,,,,,,,
Ei. En usko pulatilaa olevan.,Ohjelmistokehittäjä,N,PROGRAMMER,,,,,,,,,,,,,,,,,,
Kyllä. Pula sopivista osaajista pitää paikkansa.,Ohjelmistokehittäjä,Y,PROGRAMMER,,"Skilled, senior programmers are needed. Juniors have significant trouble landing jobs in current market.",,TRUE,TRUE,,,,,,,,,,,,,
Ei. En usko pulatilaa olevan.,Ohjelmistokehittäjä,N,PROGRAMMER,,,,,,,,,,,,,,,,,,
Kyllä. Pula sopivista osaajista pitää paikkansa.,Muu tietotekninen asiantuntija,Y,SPECIALIST,,,,,,,,,,,,,,,,,,
Ei. En usko pulatilaa olevan.,Ohjelmistokehittäjä,N,PROGRAMMER,,,,,,,,,,,,,,,,,,
Ei. En usko pulatilaa olevan.,Ohjelmistokehittäjä,N,PROGRAMMER,,,,,,,,,,,,,,,,,,
Ei. En usko pulatilaa olevan.,Muu tietotekninen asiantuntija,N,SPECIALIST,,,,,,,,,,,,,,,,,,
Kyllä. Pula sopivista osaajista pitää paikkansa.,Ei-tekninen työn organisointi,Y,MANAGEMENT,,"""Programmer shortage"" might be a misleading wording, but it feels like ICT-business has a chronic problem with technical professionals. Partly it could be due to wide spectrum for job descriptions we consider as ""programmers"", which can lead to bad (or completely nonexistent) onboarding practices. And when you add the high labor mobility of ICT-companies, it might be a situation where there actually is enough professionals, but making them productive is such a complex and hard to solve problem that it looks like a chronic shortage of builders.",,,,,,TRUE,,,TRUE,,,,TRUE,TRUE,,
Kyllä. Pula sopivista osaajista pitää paikkansa.,Ohjelmistokehittäjä,Y,PROGRAMMER,,,,,,,,,,,,,,,,,,
Ei. En usko pulatilaa olevan.,Ohjelmistokehittäjä,N,PROGRAMMER,,Experienced developers are needed but the shortage isn't so grim that they would accept juniors. Hard to get one's foot to the door without luck or connections.,,TRUE,TRUE,,,,,,,,,,,,,
Kyllä. Pula sopivista osaajista pitää paikkansa.,Ohjelmistokehittäjä,Y,PROGRAMMER,,Specifically skilled programmers are in shortage. A lot of inexperienced ones with education from the field are available but who have not wanted to practice on their free time,,,TRUE,,,,,,,TRUE,,,,,,
Kyllä. Pula sopivista osaajista pitää paikkansa.,Ei-tekninen työn organisointi,Y,MANAGEMENT,,,,,,,,,,,,,,,,,,
Kyllä. Pula sopivista osaajista pitää paikkansa.,Muu tietotekninen asiantuntija,Y,SPECIALIST,,"""Shortage of programmers is like shortage of sprinters running 100m in less than 9.6s. There is ALWAYS shortage of extreme talent."" Why is there always demand for such a wide set of skills no ordinary person can achieve. A real solution would be to coordinate work more efficiently, specialize individuals further, hire a bunch of ordinary programmers and divide the work better.",,TRUE,,,,,TRUE,,TRUE,,,,,,,
Kyllä. Pula sopivista osaajista pitää paikkansa.,Ohjelmistokehittäjä,Y,PROGRAMMER,,"Commitment issues with training juniors as they will pursue better salaries once trained to job. Headhunters end up taking thousands in comissions, but there's not enough for few hundreds in pay increases.",,TRUE,TRUE,TRUE,,,,,TRUE,,,,,TRUE,,
Ei. En usko pulatilaa olevan.,Ohjelmistokehittäjä,N,PROGRAMMER,,The will of employers to train people and to pay for talent are not matching with the labor force.,,TRUE,,TRUE,,,,,TRUE,,,,,,,
Kyllä. Pula sopivista osaajista pitää paikkansa.,Ohjelmistokehittäjä,Y,PROGRAMMER,,,,,,,,,,,,,,,,,,
Ei. En usko pulatilaa olevan.,Ei-tekninen työn organisointi,N,MANAGEMENT,,,,,,,,,,,,,,,,,,
Kyllä. Pula sopivista osaajista pitää paikkansa.,Rekrytointi,Y,RECRUITMENT,,The recruitment processes shows that talented programmers have options.,,TRUE,TRUE,,,,,,,TRUE,TRUE,,,,,
Kyllä. Pula sopivista osaajista pitää paikkansa.,Ohjelmistokehittäjä,Y,PROGRAMMER,,,,,,,,,,,,,,,,,,
Ei. En usko pulatilaa olevan.,Muu tietotekninen asiantuntija,N,SPECIALIST,,,,,,,,,,,,,,,,,,
Kyllä. Pula sopivista osaajista pitää paikkansa.,Rekrytointi,Y,RECRUITMENT,,,,,,,,,,,,,,,,,,
Ei. En usko pulatilaa olevan.,Ohjelmistokehittäjä,N,PROGRAMMER,,,,,,,,,,,,,,,,,,
Kyllä. Pula sopivista osaajista pitää paikkansa.,Ohjelmistokehittäjä,Y,PROGRAMMER,,Programmers can be found but there's always less for the specific needs of individual companies unless you train them yourself.,,,,,,,,,TRUE,TRUE,,,,,,
Kyllä. Pula sopivista osaajista pitää paikkansa.,Ohjelmistokehittäjä,Y,PROGRAMMER,,,,,,,,,,,,,,,,,,
Kyllä. Pula sopivista osaajista pitää paikkansa.,Ohjelmistokehittäjä,Y,PROGRAMMER,,,,,,,,,,,,,,,,,,
Ei. En usko pulatilaa olevan.,Ohjelmistokehittäjä,N,PROGRAMMER,,Junior developer fobia,,TRUE,,,,,,,,,,,,,,
Kyllä. Pula sopivista osaajista pitää paikkansa.,Muu tietotekninen asiantuntija,Y,SPECIALIST,,Normal programmers are not in short supply. There are good and bad programmers. Shortage in people who are able to build software systematically.,,,TRUE,,,,,,,TRUE,,,,,,
Ei. En usko pulatilaa olevan.,Muu tietotekninen asiantuntija,N,SPECIALIST,,,,,,,,,,,,,,,,,,
Kyllä. Pula sopivista osaajista pitää paikkansa.,Muu tietotekninen asiantuntija,Y,SPECIALIST,,,,,,,,,,,,,,,,,,
Kyllä. Pula sopivista osaajista pitää paikkansa.,Muu tietotekninen asiantuntija,N,SPECIALIST,,,,,,,,,,,,,,,,,,
Kyllä. Pula sopivista osaajista pitää paikkansa.,Ohjelmistokehittäjä,Y,PROGRAMMER,,Too many bad programmers are trained,,,,,,,,,,TRUE,,,,,,
Ei. En usko pulatilaa olevan.,Ohjelmistokehittäjä,N,PROGRAMMER,,"Developers easy to find. Finding exact matches hard. Suspects motive for ""shortage"" is for labour cost reductions with foreign labor.",,,,TRUE,,,,,TRUE,,,,TRUE,,TRUE,
Ei. En usko pulatilaa olevan.,Muu tietotekninen asiantuntija,N,SPECIALIST,,,,,,,,,,,,,,,,,,
Ei. En usko pulatilaa olevan.,Ohjelmistokehittäjä,N,PROGRAMMER,,"Lots of junior applications, but not much junior positions. Mentions lack of company commitment towards junior developers leading to death spiral.",,TRUE,,,,,,,,,,,,,,
Ei. En usko pulatilaa olevan.,Ohjelmistokehittäjä,N,PROGRAMMER,,,,,,,,,,,,,,,,,,
Ei. En usko pulatilaa olevan.,Ohjelmistokehittäjä,N,PROGRAMMER,,Lack of cheap programmers. Says foreigners are not attracted by finnish wages.,,,,TRUE,,,,,,,,,,,TRUE,
Kyllä. Pula sopivista osaajista pitää paikkansa.,Yrityksen hallinto,Y,GOVERNANCE,,,,,,,,,,,,,,,,,,
Kyllä. Pula sopivista osaajista pitää paikkansa.,data scientist,Y,SPECIALIST,Data Scientist,,,,,,,,,,,,,,,,,
Kyllä. Pula sopivista osaajista pitää paikkansa.,Ohjelmistokehittäjä,Y,PROGRAMMER,,"Partly true, but there's unrealistic expectations with employers and lack of good recruitment practices. Mentions political motivations behind the ""programmer shortage"" narrative",,,,,,TRUE,,,TRUE,,,,TRUE,,,
Kyllä. Pula sopivista osaajista pitää paikkansa.,Muu tietotekninen asiantuntija,Y,SPECIALIST,,,,,,,,,,,,,,,,,,
Kyllä. Pula sopivista osaajista pitää paikkansa.,Ohjelmistokehittäjä,Y,PROGRAMMER,,,,,,,,,,,,,,,,,,
Ei. En usko pulatilaa olevan.,Muu tietotekninen asiantuntija,N,SPECIALIST,,"Bad software quality leads to technical debt, which leads to need for more people. This does not help with the problem itself.",,,,,TRUE,,,,,,,,,,,
Kyllä. Pula sopivista osaajista pitää paikkansa.,Ohjelmistokehittäjä,Y,PROGRAMMER,,A lot of recruiters seem to be interested in the respondent,,,,,,,,,,,,TRUE,,,,
Kyllä. Pula sopivista osaajista pitää paikkansa.,Ohjelmistokehittäjä,Y,PROGRAMMER,,"Hires everyone ""sane"" they can find. Ever beginners and career switchers. Still a small business.",,,,,,,,,,,,,,,,
Ei. En usko pulatilaa olevan.,Ohjelmistokehittäjä,N,PROGRAMMER,,Shortage of people willing to work with low wages,,,,TRUE,,,,,,,,,,,,
Kyllä. Pula sopivista osaajista pitää paikkansa.,Ohjelmistokehittäjä,Y,PROGRAMMER,,"Some fields have too much labor, others have too much jobs. At least in ICT, the issue isn't like in many other fields where companies seek for free trainees and complain how hard it is to employ people.",,,,,,,,,,,,,,,,
Kyllä. Pula sopivista osaajista pitää paikkansa.,Ohjelmistokehittäjä,Y,PROGRAMMER,,,,,,,,,,,,,,,,,,
Kyllä. Pula sopivista osaajista pitää paikkansa.,Ohjelmistokehittäjä,Y,PROGRAMMER,,Companies should invest themselves in training new professionals if they have trouble finding candidates with advertisements.,,TRUE,,,,,,,,,,,,,,
Kyllä. Pula sopivista osaajista pitää paikkansa.,Ohjelmistokehittäjä,Y,PROGRAMMER,,"The education does not prepare for the niche (IoT, embedded) they seek. Credible candidates all come from the hobbyist scene.",,,,,,,,,,,,,,,,
Ei. En usko pulatilaa olevan.,Ohjelmistokehittäjä,N,PROGRAMMER,,"If there would be a shortage, then candidates would not be treated badly. Interviews are too exhausting. Homework assignments are unclear, recruiters are incompetent, communication is inhumane and the processes take months.",,,,TRUE,,TRUE,,,,,,,,,,
Kyllä. Pula sopivista osaajista pitää paikkansa.,Ohjelmistokehittäjä,Y,PROGRAMMER,,Does not believe short intensive courses for people changing professions is a sustainable way to increase amount of programmers Says that inexperienced developers will create more need for experienced ones.,,,,,TRUE,,,,,,,,,,,
Kyllä. Pula sopivista osaajista pitää paikkansa.,Ohjelmistokehittäjä,Y,PROGRAMMER,,,,,,,,,,,,,,,,,,
Kyllä. Pula sopivista osaajista pitää paikkansa.,Muu tietotekninen asiantuntija,Y,SPECIALIST,,The shortage is real in sense that out-of-the-box professionals that companies seek do not exist. Companies have very tight criteria for what employees should know and can't see the path where juniors develop into seniors or a skilled senior can learn a new language or stack when needed. Especially consultancies have need for makers who can generate billable hours. But it's not sustainable either that the same people are moving around from company to another after the best benefit packages. Companies that develop their own products could more easily hire juniors and help them develop in their duties.,,TRUE,TRUE,,,,,,TRUE,TRUE,,,,TRUE,,
Ei. En usko pulatilaa olevan.,Ohjelmistokehittäjä,N,PROGRAMMER,,,,,,,,,,,,,,,,,,
Kyllä. Pula sopivista osaajista pitää paikkansa.,Rekrytointi,Y,RECRUITMENT,,,,,,,,,,,,,,,,,,
